{
  "m_header": {
    "m_packetFormat": 2018,
    "m_packetVersion": 1,
    "m_packetId": 0,
    "m_sessionTime": 18.05220603942871,
    "m_frameIdentifier": 382,
    "m_playerCarIndex": 0
  },
  "m_carMotionData": [
    {
      "m_worldPositionX": -104.21247100830078,
      "m_worldPositionY": -84.00733184814453,
      "m_worldPositionZ": 448.654052734375,
      "m_worldVelocityX": -32.2252197265625,
      "m_worldVelocityY": -0.8038114309310913,
      "m_worldVelocityZ": 54.12264633178711,
      "m_worldForwardDirX": 64702,
      "m_worldForwardDirY": 511,
      "m_worldForwardDirZ": 16238,
      "m_worldRightDirX": 51857,
      "m_worldRightDirY": 7677,
      "m_worldRightDirZ": 64190,
      "m_gForceLateral": 1.1036735773086548,
      "m_gForceLongitudinal": -1.7143242359161377,
      "m_gForceVertical": -0.10238664597272873,
      "m_yaw": -0.5329921841621399,
      "m_pitch": -0.02339312434196472,
      "m_roll": 0.022565098479390144
    },
    {
      "m_worldPositionX": -77.54545593261719,
      "m_worldPositionY": -83.45299530029297,
      "m_worldPositionZ": 413.8619079589844,
      "m_worldVelocityX": -39.38753890991211,
      "m_worldVelocityY": -0.6654135584831238,
      "m_worldVelocityZ": 63.68555450439453,
      "m_worldForwardDirX": 44732,
      "m_worldForwardDirY": 23550,
      "m_worldForwardDirZ": 55660,
      "m_worldRightDirX": 12179,
      "m_worldRightDirY": 32765,
      "m_worldRightDirZ": 43452,
      "m_gForceLateral": -0.2173352688550949,
      "m_gForceLongitudinal": -3.484740972518921,
      "m_gForceVertical": 0.14340385794639587,
      "m_yaw": -0.5540186762809753,
      "m_pitch": -0.023424584418535233,
      "m_roll": 0.01958375610411167
    },
    {
      "m_worldPositionX": -123.99104309082031,
      "m_worldPositionY": -84.43836975097656,
      "m_worldPositionZ": 479.1531677246094,
      "m_worldVelocityX": -23.770727157592773,
      "m_worldVelocityY": -0.5060650706291199,
      "m_worldVelocityZ": 36.557273864746094,
      "m_worldForwardDirX": 35770,
      "m_worldForwardDirY": 16638,
      "m_worldForwardDirZ": 32619,
      "m_worldRightDirX": 42900,
      "m_worldRightDirY": 7162,
      "m_worldRightDirZ": 35770,
      "m_gForceLateral": -0.35266098380088806,
      "m_gForceLongitudinal": -2.714660167694092,
      "m_gForceVertical": -0.0714336633682251,
      "m_yaw": -0.5742876529693604,
      "m_pitch": -0.04614842310547829,
      "m_roll": 0.04609540104866028
    },
    {
      "m_worldPositionX": -131.64915466308594,
      "m_worldPositionY": -84.55799865722656,
      "m_worldPositionZ": 493.2565002441406,
      "m_worldVelocityX": -31.329627990722656,
      "m_worldVelocityY": -1.0426386594772339,
      "m_worldVelocityZ": 29.57881736755371,
      "m_worldForwardDirX": 19362,
      "m_worldForwardDirY": 26364,
      "m_worldForwardDirZ": 7511,
      "m_worldRightDirX": 3497,
      "m_worldRightDirY": 28666,
      "m_worldRightDirZ": 15778,
      "m_gForceLateral": -2.481372594833374,
      "m_gForceLongitudinal": -1.958784580230713,
      "m_gForceVertical": 0.0366365984082222,
      "m_yaw": -0.8227866888046265,
      "m_pitch": -0.05025361105799675,
      "m_roll": 0.04353204742074013
    },
    {
      "m_worldPositionX": -115.1272964477539,
      "m_worldPositionY": -84.25067138671875,
      "m_worldPositionZ": 466.8554992675781,
      "m_worldVelocityX": -25.941251754760742,
      "m_worldVelocityY": -0.4219723641872406,
      "m_worldVelocityZ": 41.43540954589844,
      "m_worldForwardDirX": 13500,
      "m_worldForwardDirY": 41726,
      "m_worldForwardDirZ": 36460,
      "m_worldRightDirX": 33683,
      "m_worldRightDirY": 6652,
      "m_worldRightDirZ": 12988,
      "m_gForceLateral": -0.39570459723472595,
      "m_gForceLongitudinal": -0.6910635828971863,
      "m_gForceVertical": 0.21690495312213898,
      "m_yaw": -0.5585620999336243,
      "m_pitch": -0.0315338596701622,
      "m_roll": 0.030503567308187485
    },
    {
      "m_worldPositionX": -93.33684539794922,
      "m_worldPositionY": -83.78356170654297,
      "m_worldPositionZ": 429.59088134765625,
      "m_worldVelocityX": -34.89602279663086,
      "m_worldVelocityY": -0.8264738917350769,
      "m_worldVelocityZ": 56.248600006103516,
      "m_worldForwardDirX": 35004,
      "m_worldForwardDirY": 62973,
      "m_worldForwardDirZ": 49004,
      "m_worldRightDirX": 18067,
      "m_worldRightDirY": 47357,
      "m_worldRightDirZ": 33212,
      "m_gForceLateral": 0.14377033710479736,
      "m_gForceLongitudinal": -3.84348201751709,
      "m_gForceVertical": 0.2325311303138733,
      "m_yaw": -0.5553913712501526,
      "m_pitch": -0.023590821772813797,
      "m_roll": 0.017842166125774384
    },
    {
      "m_worldPositionX": -77.7721939086914,
      "m_worldPositionY": -83.43592071533203,
      "m_worldPositionZ": 406.71588134765625,
      "m_worldVelocityX": -39.952972412109375,
      "m_worldVelocityY": -0.7286211848258972,
      "m_worldVelocityZ": 64.506591796875,
      "m_worldForwardDirX": 40892,
      "m_worldForwardDirY": 35326,
      "m_worldForwardDirZ": 53356,
      "m_worldRightDirX": 13715,
      "m_worldRightDirY": 51197,
      "m_worldRightDirZ": 39868,
      "m_gForceLateral": 0.011130161583423615,
      "m_gForceLongitudinal": -0.76530522108078,
      "m_gForceVertical": 0.16378337144851685,
      "m_yaw": -0.5545167922973633,
      "m_pitch": -0.020794499665498734,
      "m_roll": 0.017369285225868225
    },
    {
      "m_worldPositionX": -91.00193786621094,
      "m_worldPositionY": -83.73375701904297,
      "m_worldPositionZ": 435.5718994140625,
      "m_worldVelocityX": -36.43187713623047,
      "m_worldVelocityY": -0.8053061962127686,
      "m_worldVelocityZ": 57.18632888793945,
      "m_worldForwardDirX": 1467,
      "m_worldForwardDirY": 58109,
      "m_worldForwardDirZ": 52075,
      "m_worldRightDirX": 14740,
      "m_worldRightDirY": 65277,
      "m_worldRightDirZ": 65210,
      "m_gForceLateral": -0.35939279198646545,
      "m_gForceLongitudinal": -3.7266530990600586,
      "m_gForceVertical": -0.2405048906803131,
      "m_yaw": -0.5693268179893494,
      "m_pitch": -0.022147443145513535,
      "m_roll": 0.015697961673140526
    },
    {
      "m_worldPositionX": -109.8986587524414,
      "m_worldPositionY": -84.15733337402344,
      "m_worldPositionZ": 458.2711486816406,
      "m_worldVelocityX": -26.44310188293457,
      "m_worldVelocityY": -0.5017388463020325,
      "m_worldVelocityZ": 43.10089874267578,
      "m_worldForwardDirX": 701,
      "m_worldForwardDirY": 18174,
      "m_worldForwardDirZ": 3181,
      "m_worldRightDirX": 147,
      "m_worldRightDirY": 52476,
      "m_worldRightDirZ": 64700,
      "m_gForceLateral": 0.2758573293685913,
      "m_gForceLongitudinal": -3.0059330463409424,
      "m_gForceVertical": 0.01788269355893135,
      "m_yaw": -0.5510954856872559,
      "m_pitch": -0.028418483212590218,
      "m_roll": 0.02505617029964924
    },
    {
      "m_worldPositionX": -90.87962341308594,
      "m_worldPositionY": -83.71488189697266,
      "m_worldPositionZ": 430.6151123046875,
      "m_worldVelocityX": -35.62295150756836,
      "m_worldVelocityY": -0.762971043586731,
      "m_worldVelocityZ": 57.390380859375,
      "m_worldForwardDirX": 34748,
      "m_worldForwardDirY": 62717,
      "m_worldForwardDirZ": 49004,
      "m_worldRightDirX": 18067,
      "m_worldRightDirY": 56061,
      "m_worldRightDirZ": 32956,
      "m_gForceLateral": -0.014066938310861588,
      "m_gForceLongitudinal": -3.7922961711883545,
      "m_gForceVertical": -0.15547522902488708,
      "m_yaw": -0.5554003119468689,
      "m_pitch": -0.022713571786880493,
      "m_roll": 0.016801610589027405
    },
    {
      "m_worldPositionX": -71.37741088867188,
      "m_worldPositionY": -83.29415893554688,
      "m_worldPositionZ": 404.5425720214844,
      "m_worldVelocityX": -40.660091400146484,
      "m_worldVelocityY": -0.7322513461112976,
      "m_worldVelocityZ": 64.59820556640625,
      "m_worldForwardDirX": 53179,