{
  "m_header": {
    "m_packetFormat": 2019,
    "m_gameMajorVersion": 1,
    "m_gameMinorVersion": 3,
    "m_packetVersion": 1,
    "m_packetId": 0,
    "m_sessionTime": 13.754075050354004,
    "m_frameIdentifier": 284,
    "m_playerCarIndex": 19
  },
  "m_carMotionData": [
    {
      "m_worldPositionX": 368.74737548828125,
      "m_worldPositionY": 87.65386199951172,
      "m_worldPositionZ": 1339.8131103515625,
      "m_worldVelocityX": -4.122177600860596,
      "m_worldVelocityY": -0.010215501300990582,
      "m_worldVelocityZ": 32.4815788269043,
      "m_worldForwardDirX": 12784,
      "m_worldForwardDirY": 52223,
      "m_worldForwardDirZ": 895,
      "m_worldRightDirX": 64896,
      "m_worldRightDirY": 36352,
      "m_worldRightDirZ": 12784,
      "m_gForceLateral": -0.19272714853286743,
      "m_gForceLongitudinal": 0.5455519556999207,
      "m_gForceVertical": 0.04924113675951958,
      "m_yaw": -0.12385456264019012,
      "m_pitch": 0.004101110156625509,
      "m_roll": -0.00433626864105463
    },
    {
      "m_worldPositionX": 369.092529296875,
      "m_worldPositionY": 87.6246109008789,
      "m_worldPositionZ": 1365.6861572265625,
      "m_worldVelocityX": 6.797584056854248,
      "m_worldVelocityY": -0.05522420257329941,
      "m_worldVelocityZ": 29.321672439575195,
      "m_worldForwardDirX": 39964,
      "m_worldForwardDirY": 31487,
      "m_worldForwardDirZ": 49532,
      "m_worldRightDirX": 16259,
      "m_worldRightDirY": 44543,
      "m_worldRightDirZ": 39964,
      "m_gForceLateral": 1.3715838193893433,
      "m_gForceLongitudinal": -0.1526467651128769,
      "m_gForceVertical": -0.008488012477755547,
      "m_yaw": 0.22544775903224945,
      "m_pitch": -0.0015637670876458287,
      "m_roll": 0.002547525567933917
    },
    {
      "m_worldPositionX": 386.2701110839844,
      "m_worldPositionY": 87.84307098388672,
      "m_worldPositionZ": 1396.947021484375,
      "m_worldVelocityX": 21.544391632080078,
      "m_worldVelocityY": -0.0285685695707798,
      "m_worldVelocityZ": 19.661893844604492,
      "m_worldForwardDirX": 35165,
      "m_worldForwardDirY": 43007,
      "m_worldForwardDirZ": 24407,
      "m_worldRightDirX": 41384,
      "m_worldRightDirY": 35583,
      "m_worldRightDirZ": 34909,
      "m_gForceLateral": 1.4866033792495728,
      "m_gForceLongitudinal": 0.9818450808525085,
      "m_gForceVertical": 0.00791898649185896,
      "m_yaw": 0.8194534182548523,
      "m_pitch": -0.0004603334527928382,
      "m_roll": 0.003612970467656851
    },
    {
      "m_worldPositionX": 398.7027282714844,
      "m_worldPositionY": 87.77555847167969,
      "m_worldPositionZ": 1405.78076171875,
      "m_worldVelocityX": 31.00442123413086,
      "m_worldVelocityY": -0.20589403808116913,
      "m_worldVelocityZ": 18.621688842773438,
      "m_worldForwardDirX": 54637,
      "m_worldForwardDirY": 15615,
      "m_worldForwardDirZ": 47169,
      "m_worldRightDirX": 18366,
      "m_worldRightDirY": 34559,
      "m_worldRightDirZ": 54637,
      "m_gForceLateral": 0.5545486807823181,
      "m_gForceLongitudinal": 1.3710612058639526,
      "m_gForceVertical": -0.07840175926685333,
      "m_yaw": 1.0315641164779663,
      "m_pitch": 0.0032153751235455275,
      "m_roll": 0.0037524523213505745
    },
    {
      "m_worldPositionX": 391.2262268066406,
      "m_worldPositionY": 87.81279754638672,
      "m_worldPositionZ": 1403.4737548828125,
      "m_worldVelocityX": 26.751909255981445,
      "m_worldVelocityY": -0.14107392728328705,
      "m_worldVelocityZ": 16.450708389282227,
      "m_worldForwardDirX": 16493,
      "m_worldForwardDirY": 21759,
      "m_worldForwardDirZ": 44866,
      "m_worldRightDirX": 20669,
      "m_worldRightDirY": 26367,
      "m_worldRightDirZ": 16237,
      "m_gForceLateral": 1.4285740852355957,
      "m_gForceLongitudinal": 0.9845616817474365,
      "m_gForceVertical": -0.012605063617229462,
      "m_yaw": 1.0227575302124023,
      "m_pitch": 0.002037955913692713,
      "m_roll": 0.0047170743346214294
    },
    {
      "m_worldPositionX": 371.5660705566406,
      "m_worldPositionY": 87.66213989257812,
      "m_worldPositionZ": 1338.2608642578125,
      "m_worldVelocityX": -4.237668991088867,
      "m_worldVelocityY": -0.03764854371547699,
      "m_worldVelocityZ": 34.22671127319336,
      "m_worldForwardDirX": 12271,
      "m_worldForwardDirY": 28159,
      "m_worldForwardDirZ": 57982,
      "m_worldRightDirX": 7809,
      "m_worldRightDirY": 47615,
      "m_worldRightDirZ": 12271,
      "m_gForceLateral": 0.43892842531204224,
      "m_gForceLongitudinal": -0.9632872343063354,
      "m_gForceVertical": 0.06909041106700897,
      "m_yaw": -0.131766676902771,
      "m_pitch": -0.00276638544164598,
      "m_roll": 0.0021920897997915745
    },
    {
      "m_worldPositionX": 369.4996337890625,
      "m_worldPositionY": 87.62643432617188,
      "m_worldPositionZ": 1374.2308349609375,
      "m_worldVelocityX": 8.018123626708984,
      "m_worldVelocityY": 0.040371280163526535,
      "m_worldVelocityZ": 28.94461441040039,
      "m_worldForwardDirX": 62752,
      "m_worldForwardDirY": 58367,
      "m_worldForwardDirZ": 44667,
      "m_worldRightDirX": 21124,
      "m_worldRightDirY": 49407,
      "m_worldRightDirZ": 62752,
      "m_gForceLateral": 1.489649772644043,
      "m_gForceLongitudinal": 0.17164433002471924,
      "m_gForceVertical": 0.07732101529836655,
      "m_yaw": 0.2604284882545471,
      "m_pitch": -0.0016578141367062926,
      "m_roll": 0.0019596065394580364
    },
    {
      "m_worldPositionX": 368.0914611816406,
      "m_worldPositionY": 87.65219116210938,
      "m_worldPositionZ": 1348.08544921875,
      "m_worldVelocityX": -1.6767675876617432,
      "m_worldVelocityY": -0.02361907809972763,
      "m_worldVelocityZ": 32.23342514038086,
      "m_worldForwardDirX": 28664,
      "m_worldForwardDirY": 26623,
      "m_worldForwardDirZ": 50559,
      "m_worldRightDirX": 15232,
      "m_worldRightDirY": 43007,
      "m_worldRightDirZ": 28664,
      "m_gForceLateral": 1.0751206874847412,
      "m_gForceLongitudinal": -0.6380646824836731,
      "m_gForceVertical": -0.08134252578020096,
      "m_yaw": -0.05916624143719673,
      "m_pitch": -0.0029916870407760143,
      "m_roll": 0.002720288233831525
    },
    {
      "m_worldPositionX": 375.09747314453125,
      "m_worldPositionY": 87.7223892211914,
      "m_worldPositionZ": 1384.13720703125,
      "m_worldVelocityX": 7.013166904449463,
      "m_worldVelocityY": 0.5279217958450317,
      "m_worldVelocityZ": 24.81141471862793,
      "m_worldForwardDirX": 21545,
      "m_worldForwardDirY": 29698,
      "m_worldForwardDirZ": 7545,
      "m_worldRightDirX": 56966,
      "m_worldRightDirY": 38143,
      "m_worldRightDirZ": 22313,
      "m_gForceLateral": 0.8296461701393127,
      "m_gForceLongitudinal": -0.4898194968700409,
      "m_gForceVertical": -0.323246568441391,
      "m_yaw": 0.32879358530044556,
      "m_pitch": -0.009316211566329002,
      "m_roll": 0.003299068659543991
    },
    {
      "m_worldPositionX": 369.8289489746094,
      "m_worldPositionY": 87.62557220458984,
      "m_worldPositionZ": 1357.0562744140625,
      "m_worldVelocityX": -0.23211371898651123,
      "m_worldVelocityY": -0.021633358672261238,
      "m_worldVelocityZ": 31.10771942138672,
      "m_worldForwardDirX": 31229,
      "m_worldForwardDirY": 35327,
      "m_worldForwardDirZ": 63615,
      "m_worldRightDirX": 2176,
      "m_worldRightDirY": 41215,
      "m_worldRightDirZ": 30973,
      "m_gForceLateral": 1.1800909042358398,
      "m_gForceLongitudinal": -0.4449908435344696,
      "m_gForceVertical": -0.03226828575134277,
      "m_yaw": -0.01976689137518406,
      "m_pitch": -0.003030897816643119,
      "m_roll": 0.002959659555926919
    },
    {
      "m_worldPositionX": 377.7579650878906,
      "m_worldPositionY": 87.83472442626953,
      "m_worldPositionZ": 1391.4866943359375,
      "m_worldVelocityX": 15.465087890625,
      "m_worldVelocityY": 0.2000579982995987,